,movie_id,averagerating,numvotes,primary_title,original_title,start_year,runtime_minutes,genres,ordering,title,region,language,types,attributes,is_original_title,id,release_date,production_budget,domestic_gross_movie_budgets,worldwide_gross_movie_budgets
199,tt1517177,6.7,4722,3,3,2010,119.0,"Comedy,Drama,Romance",20,3,US,,imdbDisplay,,0.0,85,"Sep 16, 2011","$7,200,000","$59,774","$295,492"
200,tt5618160,3.9,166,3,3,2018,80.0,"Horror,Mystery,Thriller",2,3,US,,alternative,,0.0,85,"Sep 16, 2011","$7,200,000","$59,774","$295,492"
1637,tt1306980,7.7,300475,50/50,50/50,2011,100.0,"Comedy,Drama,Romance",10,5050,US,,working,,0.0,73,"Sep 30, 2011","$8,000,000","$35,016,118","$41,334,735"
1638,tt4487264,9.0,10,50 50,50 50,2016,51.0,Documentary,1,5050,US,,,,0.0,73,"Sep 30, 2011","$8,000,000","$35,016,118","$41,334,735"
216,tt7867360,6.1,1592,Abduction,Abduction,2019,106.0,"Action,Sci-Fi",2,abduction,US,,imdbDisplay,,0.0,96,"Sep 23, 2011","$35,000,000","$28,087,155","$86,648,359"
217,tt1600195,5.1,72552,Abduction,Abduction,2011,106.0,"Action,Mystery,Thriller",2,abduction,US,,,,0.0,96,"Sep 23, 2011","$35,000,000","$28,087,155","$86,648,359"
218,tt2447982,5.2,10,Abduction,Abduction,2011,84.0,"Horror,Thriller",1,abduction,US,,,,0.0,96,"Sep 23, 2011","$35,000,000","$28,087,155","$86,648,359"
949,tt3587066,7.2,25,ADDicted,ADDicted,2017,109.0,Drama,1,addicted,US,,,,0.0,96,"Oct 10, 2014","$5,000,000","$17,390,770","$17,499,242"
948,tt2205401,5.2,7640,Addicted,Addicted,2014,106.0,"Drama,Thriller",8,addicted,US,,,,0.0,96,"Oct 10, 2014","$5,000,000","$17,390,770","$17,499,242"
346,tt1147681,4.7,129,After,After,2014,99.0,"Drama,Mystery",2,after,US,,,,0.0,2,"Dec 31, 2012","$650,000",$0,$0
345,tt1799508,5.5,4881,After,After,2012,90.0,"Drama,Fantasy,Mystery",4,after,US,,,,0.0,2,"Dec 31, 2012","$650,000",$0,$0
344,tt4126476,5.6,7699,After,After,2019,105.0,"Drama,Romance",8,after,US,,imdbDisplay,,0.0,2,"Dec 31, 2012","$650,000",$0,$0
1070,tt6139732,7.4,57549,Aladdin,Aladdin,2019,128.0,"Adventure,Comedy,Family",13,aladdin,US,,imdbDisplay,,0.0,33,"Nov 11, 1992","$28,000,000","$217,350,219","$504,050,219"
1069,tt6139732,7.4,57549,Aladdin,Aladdin,2019,128.0,"Adventure,Comedy,Family",13,aladdin,US,,imdbDisplay,,0.0,81,"May 24, 2019","$182,000,000","$246,734,314","$619,234,314"
476,tt1014759,6.5,358813,Alice in Wonderland,Alice in Wonderland,2010,108.0,"Adventure,Family,Fantasy",23,aliceinwonderland,US,,,IMAX version,0.0,60,"Jul 28, 1951","$3,000,000",$0,$0
477,tt2049386,6.5,6,Alice in Wonderland,Alice in Wonderland,2010,99.0,"Fantasy,Musical",1,aliceinwonderland,US,,,,0.0,51,"Mar 5, 2010","$200,000,000","$334,191,110","$1,025,491,110"
478,tt2049386,6.5,6,Alice in Wonderland,Alice in Wonderland,2010,99.0,"Fantasy,Musical",1,aliceinwonderland,US,,,,0.0,60,"Jul 28, 1951","$3,000,000",$0,$0
475,tt1014759,6.5,358813,Alice in Wonderland,Alice in Wonderland,2010,108.0,"Adventure,Family,Fantasy",23,aliceinwonderland,US,,,IMAX version,0.0,51,"Mar 5, 2010","$200,000,000","$334,191,110","$1,025,491,110"
103,tt1179056,5.2,85497,A Nightmare on Elm Street,A Nightmare on Elm Street,2010,95.0,"Crime,Drama,Horror",19,anightmareonelmstreet,US,,working,,0.0,49,"Apr 30, 2010","$35,000,000","$63,075,011","$117,729,621"
104,tt1179056,5.2,85497,A Nightmare on Elm Street,A Nightmare on Elm Street,2010,95.0,"Crime,Drama,Horror",19,anightmareonelmstreet,US,,working,,0.0,17,"Nov 9, 1984","$1,800,000","$25,504,513","$25,504,513"
67,tt4898888,6.3,285,Anna,Per amor vostro,2015,110.0,Drama,7,anna,US,,festival,,0.0,64,"Jun 6, 2014","$4,357,373",$0,"$1,200,000"
66,tt6427854,2.4,341,Anna,Anna,2017,97.0,Horror,1,anna,US,,,,0.0,64,"Jun 6, 2014","$4,357,373",$0,"$1,200,000"
65,tt1715336,6.5,19733,Anna,Anna,2013,99.0,"Drama,Mystery,Sci-Fi",5,anna,US,,working,,0.0,64,"Jun 6, 2014","$4,357,373",$0,"$1,200,000"
1188,tt1533013,6.6,6058,Beautiful Boy,Beautiful Boy,2010,100.0,Drama,1,beautifulboy,US,,,,0.0,95,"Oct 12, 2018","$25,000,000","$7,634,767","$13,031,424"
1187,tt1226837,7.3,30368,Beautiful Boy,Beautiful Boy,2018,120.0,"Biography,Drama",18,beautifulboy,US,,imdbDisplay,,0.0,95,"Oct 12, 2018","$25,000,000","$7,634,767","$13,031,424"
1164,tt2771200,7.2,238325,Beauty and the Beast,Beauty and the Beast,2017,129.0,"Family,Fantasy,Musical",5,beautyandthebeast,US,,imdbDisplay,,0.0,86,"Nov 13, 1991","$20,000,000","$376,057,266","$608,431,132"
1163,tt2771200,7.2,238325,Beauty and the Beast,Beauty and the Beast,2017,129.0,"Family,Fantasy,Musical",5,beautyandthebeast,US,,imdbDisplay,,0.0,35,"Mar 17, 2017","$160,000,000","$504,014,165","$1,259,199,706"
1092,tt1980929,7.4,129884,Begin Again,Begin Again,2013,104.0,"Comedy,Drama,Music",33,beginagain,US,,imdbDisplay,,0.0,91,"Jun 27, 2014","$8,000,000","$16,170,632","$68,838,736"
1091,tt1945037,7.0,57,Begin Again,Begin Again,2013,68.0,"Drama,Family",1,beginagain,US,,,,0.0,91,"Jun 27, 2014","$8,000,000","$16,170,632","$68,838,736"
1373,tt2638144,5.7,37975,Ben-Hur,Ben-Hur,2016,123.0,"Action,Adventure,Drama",16,benhur,US,,imdbDisplay,,0.0,8,"Nov 18, 1959","$15,000,000","$73,000,000","$73,259,017"
1372,tt2638144,5.7,37975,Ben-Hur,Ben-Hur,2016,123.0,"Action,Adventure,Drama",16,benhur,US,,imdbDisplay,,0.0,23,"Aug 19, 2016","$95,000,000","$26,410,477","$91,669,648"
1095,tt1984120,6.4,25,Black Hat,Black Hat,2011,,"Action,Thriller,Western",1,blackhat,US,,,,0.0,47,"Jan 16, 2015","$70,000,000","$8,005,980","$19,665,004"
1096,tt2717822,5.4,48427,Blackhat,Blackhat,2015,133.0,"Action,Crime,Thriller",12,blackhat,US,,imdbDisplay,,0.0,47,"Jan 16, 2015","$70,000,000","$8,005,980","$19,665,004"
300,tt6857166,6.1,18728,Book Club,Book Club,2018,104.0,"Comedy,Drama,Romance",20,bookclub,US,,imdbDisplay,,0.0,43,"May 18, 2018","$10,000,000","$68,566,296","$91,113,683"
299,tt4727712,6.6,9,Book Club,Book Club,2015,72.0,Documentary,1,bookclub,US,,,,0.0,43,"May 18, 2018","$10,000,000","$68,566,296","$91,113,683"
1800,tt3125566,1.6,23,Boomtown,Boomtown,2013,,Western,1,boomtown,US,,,,0.0,2,"Aug 30, 1940","$2,000,000","$9,172,000","$9,172,000"
1801,tt4616802,5.7,43,Boomtown,Boomtown,2017,91.0,Drama,1,boomtown,US,,,,0.0,2,"Aug 30, 1940","$2,000,000","$9,172,000","$9,172,000"
1602,tt3262990,6.7,1587,Brotherly Love,Brotherly Love,2015,89.0,Drama,3,brotherlylove,US,,,,0.0,8,"Apr 24, 2015","$1,900,000","$478,595","$478,595"
1603,tt6096190,5.8,48,Brotherly Love,Brotherly Love,2017,118.0,Drama,1,brotherlylove,US,,,,0.0,8,"Apr 24, 2015","$1,900,000","$478,595","$478,595"
740,tt5741008,5.7,15,Bully,Bully,2018,83.0,Comedy,1,bully,US,,,,0.0,79,"Jul 13, 2001","$2,100,000","$881,824","$1,381,824"
739,tt6949172,7.9,9,Bully,Bully,2017,58.0,"Drama,Musical",1,bully,US,,,,0.0,79,"Jul 13, 2001","$2,100,000","$881,824","$1,381,824"
741,tt1682181,7.4,9597,Bully,Bully,2011,98.0,Documentary,3,bully,US,,imdbDisplay,,0.0,79,"Jul 13, 2001","$2,100,000","$881,824","$1,381,824"
738,tt2353867,6.3,13,Bully,Bully,2012,112.0,Music,1,bully,US,,,,0.0,79,"Jul 13, 2001","$2,100,000","$881,824","$1,381,824"
1730,tt1106860,6.0,8605,Ca$h,Ca$h,2010,108.0,"Crime,Thriller",11,cah,US,,,,0.0,59,"Mar 26, 2010","$7,000,000","$46,488","$46,488"
1729,tt1106860,6.0,8605,Ca$h,Ca$h,2010,108.0,"Crime,Thriller",11,cah,US,,,,0.0,32,"Dec 31, 2008","$13,700,000",$0,"$11,738,256"
793,tt3860916,6.3,27339,Cargo,Cargo,2017,105.0,"Drama,Horror,Sci-Fi",7,cargo,US,,imdbDisplay,,0.0,73,"Oct 21, 2011","$4,200,000",$0,"$313,230"
794,tt6068554,3.0,311,[Cargo],[Cargo],2018,80.0,"Crime,Thriller",1,cargo,US,,,,0.0,73,"Oct 21, 2011","$4,200,000",$0,"$313,230"
795,tt6680792,3.5,395,CarGo,CarGo,2017,96.0,"Adventure,Animation,Family",1,cargo,US,,,alternative spelling,0.0,73,"Oct 21, 2011","$4,200,000",$0,"$313,230"
796,tt1507261,5.2,454,Cargo,Cargo,2011,85.0,Drama,3,cargo,US,,,,0.0,73,"Oct 21, 2011","$4,200,000",$0,"$313,230"
261,tt1939659,5.9,125424,Carrie,Carrie,2013,100.0,"Drama,Horror",12,carrie,US,,,,0.0,16,"Nov 16, 1976","$1,800,000","$25,878,153","$25,878,153"
260,tt1939659,5.9,125424,Carrie,Carrie,2013,100.0,"Drama,Horror",12,carrie,US,,,,0.0,26,"Oct 18, 2013","$30,000,000","$35,266,619","$82,409,520"
544,tt1675846,4.7,27,Checkmate,Checkmate,2010,121.0,"Drama,Mystery",1,checkmate,US,,,,0.0,17,"Sep 8, 2015","$1,500,000",$0,$0
543,tt3781616,2.9,931,Checkmate,Checkmate,2015,102.0,"Action,Crime,Thriller",2,checkmate,US,,working,,0.0,17,"Sep 8, 2015","$1,500,000",$0,$0
1419,tt1661199,6.9,142792,Cinderella,Cinderella,2015,105.0,"Drama,Family,Fantasy",37,cinderella,US,,imdbDisplay,,0.0,13,"Mar 13, 2015","$95,000,000","$201,151,353","$534,551,353"
1420,tt1661199,6.9,142792,Cinderella,Cinderella,2015,105.0,"Drama,Family,Fantasy",37,cinderella,US,,imdbDisplay,,0.0,76,"Feb 15, 1950","$2,900,000","$85,000,000","$263,591,415"
1556,tt1129412,3.4,610,Circle,Circle,2010,88.0,"Horror,Thriller",6,circle,US,,dvd,,0.0,69,"Aug 27, 2010","$2,000,000","$10,024","$10,024"
1557,tt3118452,6.0,30645,Circle,Circle,2015,87.0,"Drama,Mystery,Sci-Fi",8,circle,US,,,,0.0,69,"Aug 27, 2010","$2,000,000","$10,024","$10,024"
1178,tt0800320,5.8,256176,Clash of the Titans,Clash of the Titans,2010,106.0,"Action,Adventure,Fantasy",3,clashofthetitans,US,,imdbDisplay,,0.0,51,"Jun 12, 1981","$15,000,000","$30,000,000","$44,400,000"
1177,tt0800320,5.8,256176,Clash of the Titans,Clash of the Titans,2010,106.0,"Action,Adventure,Fantasy",3,clashofthetitans,US,,imdbDisplay,,0.0,72,"Apr 1, 2010","$125,000,000","$163,214,888","$493,214,888"
1472,tt4338136,6.4,21,Closure,Closure,2015,62.0,Drama,1,closure,US,,,,0.0,95,"Mar 17, 2015","$100,000",$0,$0
1473,tt1570983,5.5,95,Closure,Closure,2010,95.0,Thriller,3,closure,US,,,,0.0,95,"Mar 17, 2015","$100,000",$0,$0
1474,tt2405862,8.0,150,Closure,Closure,2013,76.0,"Adventure,Biography,Documentary",1,closure,US,,,,0.0,95,"Mar 17, 2015","$100,000",$0,$0
1475,tt7385812,7.9,15,Closure,Closure,2018,90.0,"Comedy,Drama",1,closure,US,,,,0.0,95,"Mar 17, 2015","$100,000",$0,$0
45,tt1230120,5.5,12,Collide,Collide,2010,,Action,1,collide,US,,,,0.0,13,"Feb 24, 2017","$29,200,000","$2,280,004","$5,466,698"
46,tt2126235,5.7,13288,Collide,Collide,2016,99.0,"Action,Crime,Thriller",8,collide,US,,imdbDisplay,,0.0,13,"Feb 24, 2017","$29,200,000","$2,280,004","$5,466,698"
423,tt0816462,5.2,90834,Conan the Barbarian,Conan the Barbarian,2011,113.0,"Action,Adventure,Fantasy",12,conanthebarbarian,US,,,,0.0,44,"May 14, 1982","$20,000,000","$38,264,085","$79,114,085"
422,tt0816462,5.2,90834,Conan the Barbarian,Conan the Barbarian,2011,113.0,"Action,Adventure,Fantasy",12,conanthebarbarian,US,,,,0.0,76,"Aug 19, 2011","$90,000,000","$21,295,021","$63,356,133"
442,tt2296697,5.7,3813,Concussion,Concussion,2013,96.0,Drama,5,concussion,US,,,,0.0,80,"Dec 25, 2015","$35,000,000","$34,531,832","$50,363,790"
443,tt3322364,7.1,77576,Concussion,Concussion,2015,123.0,"Biography,Drama,Sport",3,concussion,US,,,informal title,0.0,80,"Dec 25, 2015","$35,000,000","$34,531,832","$50,363,790"
1226,tt1244754,7.2,39771,Conviction,Conviction,2010,107.0,"Biography,Crime,Drama",13,conviction,US,,,,0.0,28,"Oct 15, 2010","$12,500,000","$6,797,696","$11,826,980"
1225,tt7799386,7.0,234,Conviction,Une intime conviction,2018,110.0,Drama,1,conviction,US,,imdbDisplay,,0.0,28,"Oct 15, 2010","$12,500,000","$6,797,696","$11,826,980"
1708,tt1632705,6.6,12,Creed,Creed,2010,77.0,Horror,1,creed,US,,,,0.0,91,"Nov 25, 2015","$37,000,000","$109,767,581","$173,567,581"
1709,tt3076658,7.6,224671,Creed,Creed,2015,133.0,"Drama,Sport",18,creed,US,,imdbDisplay,,0.0,91,"Nov 25, 2015","$37,000,000","$109,767,581","$173,567,581"
283,tt1327709,4.7,944,Cyrus,Cyrus,2010,87.0,"Crime,Horror,Mystery",6,cyrus,US,,,,0.0,27,"Jun 18, 2010","$7,000,000","$7,468,936","$10,062,896"
282,tt1336617,6.3,32457,Cyrus,Cyrus,2010,91.0,"Comedy,Drama,Romance",2,cyrus,US,,working,,0.0,27,"Jun 18, 2010","$7,000,000","$7,468,936","$10,062,896"
1825,tt1617630,5.5,105,Daddy's Home,Daddy's Home,2010,90.0,"Drama,Thriller",1,daddyshome,US,,,,0.0,88,"Dec 25, 2015","$50,000,000","$150,357,137","$242,757,137"
1824,tt1528854,6.2,96909,Daddy's Home,Daddy's Home,2015,96.0,Comedy,4,daddyshome,US,,working,,0.0,88,"Dec 25, 2015","$50,000,000","$150,357,137","$242,757,137"
568,tt1254978,5.1,201,Daylight,Daylight,2010,75.0,"Crime,Horror,Thriller",2,daylight,US,,working,,0.0,95,"Dec 6, 1996","$80,000,000","$32,908,290","$158,908,290"
569,tt2362036,4.1,397,Daylight,Daylight,2013,97.0,"Drama,Horror,Mystery",1,daylight,US,,,,0.0,95,"Dec 6, 1996","$80,000,000","$32,908,290","$158,908,290"
1102,tt1430811,4.8,396,Deadline,Deadline,2012,95.0,"Drama,Mystery,Thriller",1,deadline,US,,,,0.0,29,"Dec 31, 2009","$1,800,000",$0,$0
1101,tt2106383,6.7,347,Deadline,Deadline,2011,83.0,"Mystery,Thriller",1,deadline,US,,,,0.0,29,"Dec 31, 2009","$1,800,000",$0,$0
1256,tt1321509,5.7,42042,Death at a Funeral,Death at a Funeral,2010,92.0,Comedy,21,deathatafuneral,US,,,,0.0,64,"Apr 16, 2010","$21,000,000","$42,739,347","$48,977,233"
1257,tt1321509,5.7,42042,Death at a Funeral,Death at a Funeral,2010,92.0,Comedy,21,deathatafuneral,US,,,,0.0,53,"Aug 17, 2007","$20,000,000","$8,580,428","$46,790,428"
633,tt0990363,3.0,889,Detention,Detention,2010,81.0,"Horror,Thriller",3,detention,US,,,,0.0,45,"Apr 13, 2012","$10,000,000",$0,$0
634,tt1701990,5.8,14221,Detention,Detention,2011,93.0,"Comedy,Horror,Mystery",8,detention,US,,,,0.0,45,"Apr 13, 2012","$10,000,000",$0,$0
205,tt6705860,6.5,389,Diane,Diane,2018,95.0,Drama,2,diane,US,en,imdbDisplay,,0.0,98,"Jan 12, 1956","$2,660,000",$0,$0
206,tt3021984,4.6,127,Diane,Diane,2017,82.0,"Crime,Drama,Horror",4,diane,US,,,,0.0,98,"Jan 12, 1956","$2,660,000",$0,$0
1076,tt6960218,3.8,37,Do You Believe?,Do You Believe?,2017,71.0,"Fantasy,Horror",1,doyoubelieve,US,,,,0.0,60,"Mar 20, 2015","$2,300,000","$12,985,600","$14,304,931"
1075,tt4056738,6.1,6462,Do You Believe?,Do You Believe?,2015,120.0,Drama,4,doyoubelieve,US,,,,0.0,60,"Mar 20, 2015","$2,300,000","$12,985,600","$14,304,931"
816,tt3060772,9.0,5,Dragonfly,Dragonfly,2013,75.0,"Action,Adventure,Sci-Fi",1,dragonfly,US,,,,0.0,28,"Feb 22, 2002","$60,000,000","$30,063,805","$30,063,805"
815,tt3963812,4.8,104,Dragonfly,Dragonfly,2016,76.0,Drama,1,dragonfly,US,,,,0.0,28,"Feb 22, 2002","$60,000,000","$30,063,805","$30,063,805"
47,tt1232775,6.4,483,Drones,Drones,2010,98.0,Comedy,1,drones,US,,,,0.0,72,"Dec 31, 2010","$500,000",$0,$0
48,tt2179027,4.5,719,Drones,Drones,2013,82.0,Thriller,1,drones,US,,,,0.0,72,"Dec 31, 2010","$500,000",$0,$0
390,tt1783264,6.0,6,Elysium,Elysium,2010,,Drama,1,elysium,US,,,,0.0,92,"Aug 9, 2013","$120,000,000","$93,050,117","$286,192,091"
391,tt1535108,6.6,395572,Elysium,Elysium,2013,109.0,"Action,Drama,Sci-Fi",10,elysium,US,,imdbDisplay,,0.0,92,"Aug 9, 2013","$120,000,000","$93,050,117","$286,192,091"
505,tt1945044,4.5,5156,Exeter,Exeter,2015,91.0,"Horror,Mystery,Thriller",12,exeter,US,,,,0.0,49,"Sep 1, 2015","$25,000",$0,"$489,792"
506,tt2782686,5.7,61,Exeter,Exeter,2014,,Horror,1,exeter,US,,,,0.0,49,"Sep 1, 2015","$25,000",$0,"$489,792"
51,tt1511362,8.0,9,Fair Game?,Fair Game?,2010,,Documentary,1,fairgame,US,,,,0.0,90,"Nov 3, 1995","$50,000,000","$11,497,497","$26,097,497"
52,tt0977855,6.8,43862,Fair Game,Fair Game,2010,108.0,"Biography,Drama,Thriller",30,fairgame,US,,,,0.0,90,"Nov 3, 1995","$50,000,000","$11,497,497","$26,097,497"
2006,tt1502712,4.3,140148,Fantastic Four,Fantastic Four,2015,100.0,"Action,Adventure,Drama",14,fantasticfour,US,,,fake working title,0.0,98,"Aug 7, 2015","$120,000,000","$56,117,548","$167,849,187"
2007,tt1502712,4.3,140148,Fantastic Four,Fantastic Four,2015,100.0,"Action,Adventure,Drama",14,fantasticfour,US,,,fake working title,0.0,85,"Jul 8, 2005","$87,500,000","$154,696,080","$333,132,750"
693,tt3341072,6.2,2391,Firestorm,Fung bou,2013,118.0,"Action,Crime,Thriller",2,firestorm,US,,imdbDisplay,,0.0,47,"Jan 9, 1998","$19,000,000","$8,123,860","$8,123,860"
694,tt1436031,7.3,6,Firestorm,Firestorm,2010,54.0,Documentary,1,firestorm,US,,,,0.0,47,"Jan 9, 1998","$19,000,000","$8,123,860","$8,123,860"
600,tt1213641,7.4,120009,First Man,First Man,2018,141.0,"Biography,Drama,History",15,firstman,US,,imdbDisplay,,0.0,6,"Oct 12, 2018","$60,000,000","$44,936,545","$105,203,825"
601,tt7027210,6.6,186,First Man,First Man,2017,92.0,Documentary,1,firstman,US,,,,0.0,6,"Oct 12, 2018","$60,000,000","$44,936,545","$105,203,825"
1489,tt2039338,5.2,33752,Flatliners,Flatliners,2017,109.0,"Drama,Horror,Mystery",15,flatliners,US,,imdbDisplay,,0.0,28,"Aug 10, 1990","$26,000,000","$61,308,153","$61,308,153"
1490,tt2039338,5.2,33752,Flatliners,Flatliners,2017,109.0,"Drama,Horror,Mystery",15,flatliners,US,,imdbDisplay,,0.0,11,"Sep 29, 2017","$20,000,000","$16,883,115","$45,173,738"
680,tt2388050,6.0,440,Flipped,Flipped,2015,90.0,"Drama,Thriller",2,flipped,US,,,,0.0,22,"Aug 6, 2010","$14,000,000","$1,755,212","$4,289,993"
681,tt0817177,7.7,74937,Flipped,Flipped,2010,90.0,"Comedy,Drama,Romance",17,flipped,US,,,,0.0,22,"Aug 6, 2010","$14,000,000","$1,755,212","$4,289,993"
222,tt1068242,5.9,43251,Footloose,Footloose,2011,113.0,"Comedy,Drama,Music",13,footloose,US,,imdbDisplay,,0.0,39,"Oct 14, 2011","$24,000,000","$51,802,742","$62,989,834"
223,tt1068242,5.9,43251,Footloose,Footloose,2011,113.0,"Comedy,Drama,Music",13,footloose,US,,imdbDisplay,,0.0,61,"Feb 17, 1984","$8,200,000","$80,000,000","$80,000,000"
304,tt5811154,5.0,76,Forsaken,Forsaken,2017,86.0,Thriller,4,forsaken,US,,,,0.0,54,"Feb 19, 2016","$18,000,000",$0,$0
305,tt5127300,2.1,502,Forsaken,Forsaken,2016,89.0,Horror,1,forsaken,US,,,,0.0,54,"Feb 19, 2016","$18,000,000",$0,$0
923,tt4086032,5.1,2089,Frankenstein,Frankenstein,2015,89.0,"Horror,Sci-Fi,Thriller",2,frankenstein,US,,,,0.0,3,"Nov 4, 1994","$45,000,000","$22,006,296","$112,006,296"
922,tt2286560,1.9,67,Frankenstein,Frankenstein,2011,82.0,"Drama,Horror",1,frankenstein,US,,,,0.0,3,"Nov 4, 1994","$45,000,000","$22,006,296","$112,006,296"
921,tt1795369,9.0,1832,Frankenstein,National Theatre Live: Frankenstein,2011,130.0,Drama,2,frankenstein,US,,imdbDisplay,,0.0,3,"Nov 4, 1994","$45,000,000","$22,006,296","$112,006,296"
144,tt2028482,7.0,24,Freedom,Freedom,2011,88.0,Documentary,1,freedom,US,,,,0.0,69,"Jun 5, 2015","$14,500,000",$0,"$872,757"
145,tt2584018,6.2,1371,Freedom,Freedom,2014,94.0,"Drama,Music",11,freedom,US,,,,0.0,69,"Jun 5, 2015","$14,500,000",$0,"$872,757"
524,tt2353965,5.9,16,Frequency,Distraction,2012,60.0,"Sci-Fi,Thriller",1,frequency,US,,,,0.0,31,"Apr 28, 2000","$31,000,000","$44,983,704","$68,079,671"
525,tt3971092,6.3,30,Frequency,Frequency,2014,,Sci-Fi,1,frequency,US,,,,0.0,31,"Apr 28, 2000","$31,000,000","$44,983,704","$68,079,671"
642,tt2294629,7.5,516998,Frozen,Frozen,2013,102.0,"Adventure,Animation,Comedy",27,frozen,US,,,,0.0,56,"Nov 22, 2013","$150,000,000","$400,738,009","$1,272,469,910"
641,tt1323045,6.2,62311,Frozen,Frozen,2010,93.0,"Adventure,Drama,Sport",14,frozen,US,,,,0.0,56,"Nov 22, 2013","$150,000,000","$400,738,009","$1,272,469,910"
1858,tt1655400,5.8,229,Ghost,GÃ´suto,2010,115.0,"Drama,Fantasy,Mystery",5,ghost,US,,alternative,,0.0,5,"Jul 13, 1990","$22,000,000","$217,631,306","$517,600,000"
1857,tt2231231,6.7,102,G.H.O.S.T.,G.H.O.S.T.,2012,83.0,"Family,Horror,Thriller",1,ghost,US,,,,0.0,5,"Jul 13, 1990","$22,000,000","$217,631,306","$517,600,000"
1947,tt1289401,5.2,186788,Ghostbusters,Ghostbusters,2016,116.0,"Action,Comedy,Fantasy",19,ghostbusters,US,,working,,0.0,36,"Jun 8, 1984","$30,000,000","$242,212,467","$295,212,467"
1946,tt1289401,5.2,186788,Ghostbusters,Ghostbusters,2016,116.0,"Action,Comedy,Fantasy",19,ghostbusters,US,,working,,0.0,4,"Jul 15, 2016","$144,000,000","$128,350,574","$229,008,658"
699,tt6823368,6.8,133793,Glass,Glass,2019,129.0,"Drama,Sci-Fi,Thriller",17,glass,US,,imdbDisplay,,0.0,100,"Jan 18, 2019","$20,000,000","$111,035,005","$245,303,505"
700,tt4598720,8.2,84,Glass,Glass,2016,71.0,"Drama,Mystery,Thriller",1,glass,US,,,,0.0,100,"Jan 18, 2019","$20,000,000","$111,035,005","$245,303,505"
1778,tt0831387,6.4,350687,Godzilla,Godzilla,2014,123.0,"Action,Adventure,Sci-Fi",25,godzilla,US,,,,0.0,74,"May 19, 1998","$125,000,000","$136,314,294","$376,000,000"
1777,tt0831387,6.4,350687,Godzilla,Godzilla,2014,123.0,"Action,Adventure,Sci-Fi",25,godzilla,US,,,,0.0,41,"May 16, 2014","$160,000,000","$200,676,069","$529,076,069"
963,tt2963344,6.0,176,Grace,Grace,2014,95.0,Drama,5,grace,US,,,,0.0,80,"Aug 14, 2009","$5,000,000","$8,297","$8,297"
964,tt6163142,7.3,52,Grace,Grace,2018,90.0,"Comedy,Crime,Romance",1,grace,US,,,,0.0,80,"Aug 14, 2009","$5,000,000","$8,297","$8,297"
1916,tt1502407,6.6,88395,Halloween,Halloween,2018,106.0,"Horror,Thriller",10,halloween,US,,working,,0.0,37,"Oct 17, 1978","$325,000","$47,000,000","$70,000,000"
1915,tt1502407,6.6,88395,Halloween,Halloween,2018,106.0,"Horror,Thriller",10,halloween,US,,working,,0.0,36,"Oct 19, 2018","$10,000,000","$159,342,015","$254,900,667"
1914,tt1502407,6.6,88395,Halloween,Halloween,2018,106.0,"Horror,Thriller",10,halloween,US,,working,,0.0,15,"Aug 31, 2007","$15,000,000","$58,269,151","$77,514,401"
620,tt4476736,8.6,1587,Hamlet,National Theatre Live: Hamlet,2015,217.0,Drama,6,hamlet,US,,imdbDisplay,,0.0,32,"Dec 25, 1996","$18,000,000","$4,501,094","$7,129,670"
621,tt4476736,8.6,1587,Hamlet,National Theatre Live: Hamlet,2015,217.0,Drama,6,hamlet,US,,imdbDisplay,,0.0,34,"May 12, 2000","$2,000,000","$1,577,287","$2,419,669"
1292,tt3276924,6.1,24740,Heist,Heist,2015,93.0,"Action,Crime,Thriller",7,heist,US,,,,0.0,25,"Nov 13, 2015","$8,900,000","$50,136","$3,324,131"
1294,tt5112932,6.4,5,Heist,Heist,2015,47.0,Action,1,heist,US,,,,0.0,25,"Nov 13, 2015","$8,900,000","$50,136","$3,324,131"
1293,tt5112932,6.4,5,Heist,Heist,2015,47.0,Action,1,heist,US,,,,0.0,4,"Nov 9, 2001","$35,000,000","$23,483,357","$28,906,817"
1291,tt3276924,6.1,24740,Heist,Heist,2015,93.0,"Action,Crime,Thriller",7,heist,US,,,,0.0,4,"Nov 9, 2001","$35,000,000","$23,483,357","$28,906,817"
1675,tt2274648,5.4,19534,Hellboy,Hellboy,2019,120.0,"Action,Adventure,Fantasy",22,hellboy,US,,imdbDisplay,,0.0,77,"Apr 12, 2019","$50,000,000","$21,903,748","$40,725,492"
1674,tt2274648,5.4,19534,Hellboy,Hellboy,2019,120.0,"Action,Adventure,Fantasy",22,hellboy,US,,imdbDisplay,,0.0,84,"Apr 2, 2004","$60,000,000","$59,623,958","$99,823,958"
108,tt1267297,6.0,137287,Hercules,Hercules,2014,98.0,"Action,Adventure,Fantasy",18,hercules,US,,imdbDisplay,,0.0,84,"Jul 25, 2014","$100,000,000","$72,688,614","$243,388,614"
109,tt1267297,6.0,137287,Hercules,Hercules,2014,98.0,"Action,Adventure,Fantasy",18,hercules,US,,imdbDisplay,,0.0,8,"Jun 13, 1997","$70,000,000","$99,112,101","$250,700,000"
5,tt1212419,6.5,87288,Hereafter,Hereafter,2010,129.0,"Drama,Fantasy,Romance",4,hereafter,US,,,,0.0,61,"Oct 15, 2010","$50,000,000","$32,746,941","$108,660,270"
6,tt6096334,6.4,5,Here After,Here After,2018,71.0,Documentary,1,hereafter,US,,,,0.0,61,"Oct 15, 2010","$50,000,000","$32,746,941","$108,660,270"
159,tt2224026,6.6,85831,Home,Home,2015,94.0,"Adventure,Animation,Comedy",11,home,US,,working,,0.0,60,"Apr 23, 2009","$500,000","$15,433","$44,793,168"
158,tt2224026,6.6,85831,Home,Home,2015,94.0,"Adventure,Animation,Comedy",11,home,US,,working,,0.0,56,"Jun 5, 2009","$12,000,000",$0,$0
157,tt2224026,6.6,85831,Home,Home,2015,94.0,"Adventure,Animation,Comedy",11,home,US,,working,,0.0,44,"Mar 27, 2015","$130,000,000","$177,397,510","$385,997,896"
161,tt2545384,3.9,303,Home,Home,2016,87.0,"Drama,Horror,Thriller",3,home,US,,,,0.0,56,"Jun 5, 2009","$12,000,000",$0,$0
162,tt2545384,3.9,303,Home,Home,2016,87.0,"Drama,Horror,Thriller",3,home,US,,,,0.0,60,"Apr 23, 2009","$500,000","$15,433","$44,793,168"
163,tt2093100,7.5,1049,Home,Dom,2011,127.0,Drama,4,home,US,,festival,,0.0,44,"Mar 27, 2015","$130,000,000","$177,397,510","$385,997,896"
156,tt2393825,7.0,140,Home,Home,2013,112.0,Drama,1,home,US,,,,0.0,60,"Apr 23, 2009","$500,000","$15,433","$44,793,168"
155,tt2393825,7.0,140,Home,Home,2013,112.0,Drama,1,home,US,,,,0.0,56,"Jun 5, 2009","$12,000,000",$0,$0
154,tt2393825,7.0,140,Home,Home,2013,112.0,Drama,1,home,US,,,,0.0,44,"Mar 27, 2015","$130,000,000","$177,397,510","$385,997,896"
153,tt2397902,8.0,8,H.O.M.E.,H.O.M.E.,2016,73.0,Drama,1,home,US,,,,0.0,60,"Apr 23, 2009","$500,000","$15,433","$44,793,168"
152,tt2397902,8.0,8,H.O.M.E.,H.O.M.E.,2016,73.0,Drama,1,home,US,,,,0.0,56,"Jun 5, 2009","$12,000,000",$0,$0
151,tt2397902,8.0,8,H.O.M.E.,H.O.M.E.,2016,73.0,Drama,1,home,US,,,,0.0,44,"Mar 27, 2015","$130,000,000","$177,397,510","$385,997,896"
165,tt2093100,7.5,1049,Home,Dom,2011,127.0,Drama,4,home,US,,festival,,0.0,60,"Apr 23, 2009","$500,000","$15,433","$44,793,168"
164,tt2093100,7.5,1049,Home,Dom,2011,127.0,Drama,4,home,US,,festival,,0.0,56,"Jun 5, 2009","$12,000,000",$0,$0
160,tt2545384,3.9,303,Home,Home,2016,87.0,"Drama,Horror,Thriller",3,home,US,,,,0.0,44,"Mar 27, 2015","$130,000,000","$177,397,510","$385,997,896"
957,tt2312718,6.5,98549,Homefront,Homefront,2013,100.0,"Action,Thriller",12,homefront,US,,,,0.0,29,"Nov 27, 2013","$22,000,000","$20,158,492","$51,695,362"
956,tt2558484,7.7,17,Homefront,The Things We Leave Behind,2013,111.0,Drama,1,homefront,US,,,new title,0.0,29,"Nov 27, 2013","$22,000,000","$20,158,492","$51,695,362"
1059,tt5147828,7.2,10,Indivisible,Indivisible,2017,78.0,Documentary,1,indivisible,US,,,,0.0,93,"Oct 26, 2018","$2,700,000","$3,511,417","$3,588,305"
1060,tt6512428,5.6,812,Indivisible,Indivisible,2018,119.0,"Drama,War",1,indivisible,US,,imdbDisplay,,0.0,93,"Oct 26, 2018","$2,700,000","$3,511,417","$3,588,305"
59,tt1622991,2.8,1028,Infected,Infected,2013,95.0,"Action,Horror,Sci-Fi",1,infected,US,,,,0.0,83,"Dec 31, 2012","$2,100,000",$0,$0
60,tt1893415,3.8,330,Infected,The Dead Inside,2013,116.0,"Action,Horror,Sci-Fi",2,infected,US,,imdbDisplay,,0.0,83,"Dec 31, 2012","$2,100,000",$0,$0
861,tt2096673,8.2,536181,Inside Out,Inside Out,2015,95.0,"Adventure,Animation,Comedy",36,insideout,US,,imdbDisplay,,0.0,98,"Jun 19, 2015","$175,000,000","$356,461,711","$854,235,992"
862,tt2071483,7.3,15,Inside Out,Inside Out,2011,59.0,Family,1,insideout,US,,,,0.0,98,"Jun 19, 2015","$175,000,000","$356,461,711","$854,235,992"
863,tt1640486,4.6,1566,Inside Out,Inside Out,2011,93.0,"Crime,Drama",1,insideout,US,,,,0.0,98,"Jun 19, 2015","$175,000,000","$356,461,711","$854,235,992"
435,tt2180411,6.0,123577,Into the Woods,Into the Woods,2014,125.0,"Adventure,Comedy,Drama",25,intothewoods,US,,imdbDisplay,,0.0,77,"Dec 25, 2014","$56,200,000","$128,002,372","$213,116,401"
434,tt2201083,2.6,167,Into the Woods,Into the Woods,2012,,Thriller,1,intothewoods,US,,,,0.0,77,"Dec 25, 2014","$56,200,000","$128,002,372","$213,116,401"
1494,tt6017942,5.7,9048,Kin,Kin,2018,102.0,"Action,Drama,Sci-Fi",13,kin,US,,imdbDisplay,,0.0,88,"Aug 31, 2018","$30,000,000","$5,718,096","$10,096,821"
1493,tt2233624,8.6,46,Kin,Kin,2012,45.0,"Drama,Music",4,kin,US,,,,0.0,88,"Aug 31, 2018","$30,000,000","$5,718,096","$10,096,821"
1320,tt2043893,7.6,123,Kingdom Come,Kingdom Come,2011,87.0,"Documentary,Drama",1,kingdomcome,US,,,,0.0,6,"Apr 11, 2001","$7,000,000","$23,247,539","$23,393,939"
1319,tt3151724,8.3,28,Kingdom Come,Kingdom Come,2013,75.0,"Drama,Thriller",1,kingdomcome,US,,,,0.0,6,"Apr 11, 2001","$7,000,000","$23,247,539","$23,393,939"
1651,tt6096414,6.0,10,Knock Knock,Knock Knock,2017,55.0,Horror,1,knockknock,US,,,,0.0,62,"Oct 9, 2015","$2,000,000","$36,336","$6,328,516"
1650,tt3605418,4.9,68328,Knock Knock,Knock Knock,2015,99.0,"Drama,Thriller",6,knockknock,US,,imdbDisplay,,0.0,62,"Oct 9, 2015","$2,000,000","$36,336","$6,328,516"
1453,tt2467046,3.1,33515,Left Behind,Left Behind,2014,110.0,"Action,Drama,Fantasy",12,leftbehind,US,,imdbDisplay,,0.0,63,"Feb 2, 2001","$18,500,000","$4,221,341","$4,221,341"
1454,tt2467046,3.1,33515,Left Behind,Left Behind,2014,110.0,"Action,Drama,Fantasy",12,leftbehind,US,,imdbDisplay,,0.0,57,"Oct 3, 2014","$16,000,000","$14,019,924","$20,769,209"
497,tt3569230,7.0,138947,Legend,Legend,2015,132.0,"Biography,Crime,Drama",8,legend,US,,imdbDisplay,,0.0,10,"Nov 20, 2015","$25,000,000","$1,872,994","$42,425,450"
496,tt3569230,7.0,138947,Legend,Legend,2015,132.0,"Biography,Crime,Drama",8,legend,US,,imdbDisplay,,0.0,63,"Apr 18, 1986","$25,000,000","$15,502,112","$23,506,237"
1063,tt5442430,6.6,182840,Life,Life,2017,104.0,"Horror,Sci-Fi,Thriller",20,life,US,,imdbDisplay,,0.0,66,"Mar 24, 2017","$58,000,000","$30,234,022","$100,929,666"
1062,tt5442430,6.6,182840,Life,Life,2017,104.0,"Horror,Sci-Fi,Thriller",20,life,US,,imdbDisplay,,0.0,51,"Apr 16, 1999","$75,000,000","$64,062,587","$73,521,587"
63,tt4786282,6.3,100650,Lights Out,Lights Out,2016,81.0,"Drama,Horror,Mystery",17,lightsout,US,,working,,0.0,55,"Jul 22, 2016","$5,000,000","$67,268,835","$148,806,510"
62,tt1085448,6.6,10,Lights Out,Lights Out,2010,,Drama,1,lightsout,US,,,,0.0,55,"Jul 22, 2016","$5,000,000","$67,268,835","$148,806,510"
61,tt1646127,6.4,971,Lights Out,Simon Werner a disparu...,2010,87.0,"Drama,Mystery,Thriller",12,lightsout,US,,,,0.0,55,"Jul 22, 2016","$5,000,000","$67,268,835","$148,806,510"
64,tt2611518,8.6,22,Lights Out,Lights Out,2013,,Drama,1,lightsout,US,,,,0.0,55,"Jul 22, 2016","$5,000,000","$67,268,835","$148,806,510"
318,tt1219289,7.4,492490,Limitless,Limitless,2011,105.0,"Mystery,Sci-Fi,Thriller",14,limitless,US,,working,,0.0,91,"Mar 18, 2011","$27,000,000","$79,249,455","$155,564,919"
319,tt4597838,6.7,10,Limitless,Limitless,2015,3.0,"Biography,Documentary",2,limitless,US,,,,0.0,91,"Mar 18, 2011","$27,000,000","$79,249,455","$155,564,919"
1566,tt3315342,8.1,560270,Logan,Logan,2017,137.0,"Action,Drama,Sci-Fi",11,logan,US,,imdbDisplay,,0.0,59,"Mar 3, 2017","$127,000,000","$226,277,068","$615,461,394"
1565,tt1483010,6.2,252,Logan,Logan,2010,94.0,"Comedy,Drama,Family",2,logan,US,,,,0.0,59,"Mar 3, 2017","$127,000,000","$226,277,068","$615,461,394"
1476,tt4410770,5.9,184,Ma,Ma,2015,80.0,Drama,1,ma,US,,,,0.0,66,"May 31, 2019","$5,000,000","$36,049,540","$44,300,625"
1477,tt7958736,6.0,5322,Ma,Ma,2019,99.0,"Horror,Thriller",1,ma,US,,imdbDisplay,,0.0,66,"May 31, 2019","$5,000,000","$36,049,540","$44,300,625"
353,tt4995858,4.1,39,Mandy,Mandy,2016,113.0,"Drama,Thriller",1,mandy,US,,,,0.0,71,"Sep 14, 2018","$6,000,000","$1,214,525","$1,427,656"
354,tt6998518,6.6,44378,Mandy,Mandy,2018,121.0,"Action,Fantasy,Horror",11,mandy,US,,imdbDisplay,,0.0,71,"Sep 14, 2018","$6,000,000","$1,214,525","$1,427,656"
241,tt1667353,5.6,79510,Mirror Mirror,Mirror Mirror,2012,106.0,"Adventure,Comedy,Drama",4,mirrormirror,US,,,,0.0,7,"Mar 30, 2012","$85,000,000","$64,935,167","$173,613,482"
240,tt1597044,5.8,13,"Mirror, Mirror","Mirror, Mirror",2010,83.0,"Fantasy,Sci-Fi,Thriller",1,mirrormirror,US,,,,0.0,7,"Mar 30, 2012","$85,000,000","$64,935,167","$173,613,482"
1332,tt1911600,6.5,8092,Miss Bala,Miss Bala,2011,113.0,"Crime,Drama,Thriller",7,missbala,US,,imdbDisplay,,0.0,81,"Feb 1, 2019","$15,000,000","$14,998,027","$15,362,298"
1331,tt5941692,5.5,3738,Miss Bala,Miss Bala,2019,104.0,"Action,Crime,Drama",10,missbala,US,,imdbDisplay,,0.0,81,"Feb 1, 2019","$15,000,000","$14,998,027","$15,362,298"
262,tt1943765,6.8,1232,Morgan,Morgan,2012,89.0,"Drama,Romance",1,morgan,US,,working,,0.0,5,"Sep 2, 2016","$8,000,000","$3,915,251","$7,298,786"
263,tt4520364,5.8,35487,Morgan,Morgan,2016,92.0,"Action,Horror,Sci-Fi",3,morgan,US,,imdbDisplay,,0.0,5,"Sep 2, 2016","$8,000,000","$3,915,251","$7,298,786"
799,tt4824302,5.7,28854,Mother's Day,Mother's Day,2016,118.0,"Comedy,Drama,Romance",6,mothersday,US,,,,0.0,27,"Apr 29, 2016","$25,000,000","$32,492,859","$52,367,022"
800,tt1434435,6.3,15012,Mother's Day,Mother's Day,2010,112.0,"Drama,Horror,Thriller",6,mothersday,US,,,,0.0,27,"Apr 29, 2016","$25,000,000","$32,492,859","$52,367,022"
849,tt2094064,7.2,15415,Much Ado About Nothing,Much Ado About Nothing,2012,109.0,"Comedy,Drama,Romance",7,muchadoaboutnothing,US,,,,0.0,82,"May 7, 1993","$8,000,000","$22,549,338","$22,549,338"
848,tt1748124,4.5,8,Much Ado About Nothing,Much Ado About Nothing,2010,68.0,"Comedy,Drama,Romance",1,muchadoaboutnothing,US,,,,0.0,82,"May 7, 1993","$8,000,000","$22,549,338","$22,549,338"
70,tt3531824,6.5,102782,Nerve,Nerve,2016,96.0,"Action,Adventure,Crime",17,nerve,US,,imdbDisplay,,0.0,43,"Jul 27, 2016","$20,000,000","$38,583,626","$70,652,284"
71,tt5324464,6.2,6,Nerve,Nerve,2015,62.0,"Documentary,History",1,nerve,US,,,,0.0,43,"Jul 27, 2016","$20,000,000","$38,583,626","$70,652,284"
69,tt1772317,6.8,88,Nerve,Nerve,2011,83.0,"Comedy,Drama",1,nerve,US,,,,0.0,43,"Jul 27, 2016","$20,000,000","$38,583,626","$70,652,284"
1120,tt3393372,5.3,277,Night of the Living Dead,Night of the Living Dead,2014,79.0,Horror,2,nightofthelivingdead,US,,alternative,,0.0,69,"Oct 19, 1990","$4,200,000","$5,835,247","$5,835,247"
1121,tt3393372,5.3,277,Night of the Living Dead,Night of the Living Dead,2014,79.0,Horror,2,nightofthelivingdead,US,,alternative,,0.0,77,"Oct 1, 1968","$114,000","$12,087,064","$30,087,064"
1847,tt5599520,7.2,112,Night School,Night School,2016,85.0,Documentary,1,nightschool,US,,,,0.0,16,"Sep 28, 2018","$29,000,000","$77,339,130","$103,008,792"
1846,tt6781982,5.6,23501,Night School,Night School,2018,111.0,Comedy,15,nightschool,US,,imdbDisplay,,0.0,16,"Sep 28, 2018","$29,000,000","$77,339,130","$103,008,792"
182,tt2109176,6.5,12,Noah,Noah,2011,105.0,"Drama,Thriller",1,noah,US,,,,0.0,51,"Mar 28, 2014","$130,000,000","$101,200,044","$352,831,065"
181,tt1091821,5.6,223,Noah,Noah,2012,,Animation,2,noah,US,,,,0.0,51,"Mar 28, 2014","$130,000,000","$101,200,044","$352,831,065"
183,tt1959490,5.8,229326,Noah,Noah,2014,138.0,"Action,Adventure,Drama",13,noah,US,,,,0.0,51,"Mar 28, 2014","$130,000,000","$101,200,044","$352,831,065"
420,tt6546808,7.7,63,No Man's Land,No Man's Land,2017,81.0,Documentary,1,nomansland,US,,,,0.0,52,"Dec 7, 2001","$1,000,000","$1,067,481","$2,684,207"
421,tt5599952,5.8,6,No Mans Land,No Mans Land,2017,,Thriller,1,nomansland,US,,,,0.0,52,"Dec 7, 2001","$1,000,000","$1,067,481","$2,684,207"
675,tt1670345,7.3,553156,Now You See Me,Now You See Me,2013,115.0,"Crime,Mystery,Thriller",8,nowyouseeme,US,,imdbDisplay,,0.0,41,"May 31, 2013","$75,000,000","$117,723,989","$342,769,200"
674,tt2221640,7.0,237,Now You See Me,Now You See Me,2012,98.0,"Drama,Horror,Thriller",1,nowyouseeme,US,,,,0.0,41,"May 31, 2013","$75,000,000","$117,723,989","$342,769,200"
1032,tt1876409,8.0,8,Oblivion,Oblivion,2011,116.0,Thriller,2,oblivion,US,,,,0.0,93,"Apr 19, 2013","$120,000,000","$89,107,235","$287,916,633"
1033,tt1483013,7.0,453966,Oblivion,Oblivion,2013,124.0,"Action,Adventure,Sci-Fi",31,oblivion,US,,working,,0.0,93,"Apr 19, 2013","$120,000,000","$89,107,235","$287,916,633"
375,tt1904995,5.3,26,Paranoia,Paranoia,2012,87.0,Thriller,2,paranoia,US,,,,0.0,19,"Aug 16, 2013","$40,000,000","$7,388,654","$16,340,767"
374,tt1413495,5.7,33149,Paranoia,Paranoia,2013,106.0,"Drama,Thriller",5,paranoia,US,,,,0.0,19,"Aug 16, 2013","$40,000,000","$7,388,654","$16,340,767"
32,tt1758741,6.4,13,People Like Us,People Like Us,2010,55.0,Drama,1,peoplelikeus,US,,,,0.0,60,"Jun 29, 2012","$16,000,000","$12,431,792","$12,617,472"
33,tt1716777,7.1,39618,People Like Us,People Like Us,2012,114.0,"Comedy,Drama",20,peoplelikeus,US,,working,,0.0,60,"Jun 29, 2012","$16,000,000","$12,431,792","$12,617,472"
1764,tt2788732,6.7,49313,Pete's Dragon,Pete's Dragon,2016,102.0,"Action,Adventure,Comedy",31,petesdragon,US,,imdbDisplay,,0.0,67,"Nov 3, 1977","$10,000,000","$36,000,000","$36,000,000"
1763,tt2788732,6.7,49313,Pete's Dragon,Pete's Dragon,2016,102.0,"Action,Adventure,Comedy",31,petesdragon,US,,imdbDisplay,,0.0,91,"Aug 12, 2016","$65,000,000","$76,233,151","$137,768,975"
1850,tt0837563,6.0,34472,Pet Sematary,Pet Sematary,2019,101.0,"Horror,Mystery,Thriller",21,petsematary,US,,imdbDisplay,,0.0,61,"Apr 21, 1989","$11,500,000","$57,469,179","$57,469,179"
1849,tt0837563,6.0,34472,Pet Sematary,Pet Sematary,2019,101.0,"Horror,Mystery,Thriller",21,petsematary,US,,imdbDisplay,,0.0,61,"Apr 5, 2019","$21,000,000","$54,724,696","$109,501,146"
1694,tt1029360,4.9,51538,Poltergeist,Poltergeist,2015,93.0,"Horror,Thriller",19,poltergeist,US,,,,0.0,62,"May 22, 2015","$35,000,000","$47,425,125","$95,713,069"
1695,tt1029360,4.9,51538,Poltergeist,Poltergeist,2015,93.0,"Horror,Thriller",19,poltergeist,US,,,,0.0,22,"Jun 4, 1982","$10,700,000","$74,706,019","$121,706,019"
774,tt2044843,7.2,12,Possession,Possession,2012,90.0,"Drama,Mystery",1,possession,US,,,,0.0,90,"Aug 16, 2002","$25,000,000","$10,103,647","$14,805,812"
775,tt2998154,6.8,6,Possession,Possession,2013,82.0,Drama,1,possession,US,,,,0.0,90,"Aug 16, 2002","$25,000,000","$10,103,647","$14,805,812"
366,tt3896284,7.5,6,Pound of Flesh,Pound of Flesh,2014,145.0,Drama,1,poundofflesh,US,,,,0.0,76,"May 15, 2015","$7,500,000",$0,$0
367,tt3488328,5.2,5511,Pound of Flesh,Pound of Flesh,2015,104.0,"Action,Thriller",3,poundofflesh,US,,imdbDisplay,,0.0,76,"May 15, 2015","$7,500,000",$0,$0
365,tt1196338,3.2,267,Pound of Flesh,Pound of Flesh,2010,104.0,"Crime,Drama,Thriller",2,poundofflesh,US,,,,0.0,76,"May 15, 2015","$7,500,000",$0,$0
369,tt1245526,7.1,271570,RED,RED,2010,111.0,"Action,Comedy,Crime",18,red,US,,imdbDisplay,,0.0,63,"Oct 15, 2010","$60,000,000","$90,380,162","$196,439,693"
370,tt2181948,5.8,9,Red,Red,2014,,Thriller,1,red,US,,,,0.0,63,"Oct 15, 2010","$60,000,000","$90,380,162","$196,439,693"
612,tt3279418,8.4,5,Redemption,Redemption,2013,106.0,"Drama,Mystery,Thriller",1,redemption,US,,,,0.0,97,"Jun 28, 2013","$23,000,000","$36,686","$13,593,473"
611,tt1893256,6.2,61317,Redemption,Hummingbird,2013,100.0,"Action,Crime,Drama",4,redemption,US,,imdbDisplay,,0.0,97,"Jun 28, 2013","$23,000,000","$36,686","$13,593,473"
610,tt1350546,4.5,98,Redemption,Redemption,2011,97.0,"Adventure,Drama,Romance",3,redemption,US,,,,0.0,97,"Jun 28, 2013","$23,000,000","$36,686","$13,593,473"
16,tt4843358,5.2,72,Remember Me,Remember Me,2016,85.0,Comedy,2,rememberme,US,,,,0.0,51,"Mar 12, 2010","$16,000,000","$19,068,240","$56,506,120"
15,tt1403981,7.1,129443,Remember Me,Remember Me,2010,113.0,"Drama,Romance",25,rememberme,US,,working,,0.0,51,"Mar 12, 2010","$16,000,000","$19,068,240","$56,506,120"
1433,tt4517738,4.0,808,Restoration,Restoration,2016,92.0,Horror,3,restoration,US,,,,0.0,34,"Dec 29, 1995","$18,000,000","$4,100,000","$4,100,000"
1432,tt4926752,8.4,17,Restoration,Restoration,2016,93.0,Drama,1,restoration,US,,,,0.0,34,"Dec 29, 1995","$18,000,000","$4,100,000","$4,100,000"
713,tt2263520,4.4,14,Ride Along,Ride Along,2012,87.0,Action,1,ridealong,US,,,,0.0,67,"Jan 17, 2014","$25,000,000","$134,202,565","$153,733,800"
712,tt1408253,6.2,94529,Ride Along,Ride Along,2014,99.0,"Action,Comedy,Crime",5,ridealong,US,,,,0.0,67,"Jan 17, 2014","$25,000,000","$134,202,565","$153,733,800"
1458,tt1436562,6.9,191621,Rio,Rio,2011,96.0,"Adventure,Animation,Comedy",13,rio,US,en,,,0.0,46,"Apr 15, 2011","$90,000,000","$143,619,809","$487,519,809"
1456,tt2614250,8.3,14,Rio,Rio,2012,90.0,Documentary,1,rio,US,,,,0.0,46,"Apr 15, 2011","$90,000,000","$143,619,809","$487,519,809"
1457,tt5734820,2.6,7,Rio,Rio,2017,87.0,Drama,1,rio,US,,,,0.0,46,"Apr 15, 2011","$90,000,000","$143,619,809","$487,519,809"
1543,tt0955308,6.6,239480,Robin Hood,Robin Hood,2010,140.0,"Action,Adventure,Drama",21,robinhood,US,,working,,0.0,9,"Nov 21, 2018","$99,000,000","$30,824,628","$84,747,441"
1540,tt4532826,5.3,41588,Robin Hood,Robin Hood,2018,116.0,"Action,Adventure,Thriller",1,robinhood,US,,working,,0.0,39,"May 14, 2010","$210,000,000","$105,487,148","$322,459,006"
1541,tt4532826,5.3,41588,Robin Hood,Robin Hood,2018,116.0,"Action,Adventure,Thriller",1,robinhood,US,,working,,0.0,9,"Nov 21, 2018","$99,000,000","$30,824,628","$84,747,441"
1542,tt0955308,6.6,239480,Robin Hood,Robin Hood,2010,140.0,"Action,Adventure,Drama",21,robinhood,US,,working,,0.0,39,"May 14, 2010","$210,000,000","$105,487,148","$322,459,006"
1944,tt1234721,6.2,205798,RoboCop,RoboCop,2014,117.0,"Action,Crime,Sci-Fi",17,robocop,US,,,,0.0,55,"Jul 17, 1987","$13,000,000","$53,424,681","$53,424,681"
1943,tt1234721,6.2,205798,RoboCop,RoboCop,2014,117.0,"Action,Crime,Sci-Fi",17,robocop,US,,,,0.0,96,"Feb 12, 2014","$120,000,000","$58,607,007","$242,981,799"
722,tt3827726,4.8,14,Romeo & Juliet,Romeo & Juliet,2017,101.0,"Drama,Romance",1,romeojuliet,US,,,,0.0,67,"Nov 1, 1996","$14,500,000","$46,338,728","$147,542,381"
721,tt1645131,5.8,10253,Romeo & Juliet,Romeo & Juliet,2013,113.0,"Drama,Romance",19,romeojuliet,US,,,DVD box title,0.0,67,"Nov 1, 1996","$14,500,000","$46,338,728","$147,542,381"
508,tt1987632,7.9,8,Rush,Rush,2011,87.0,"Comedy,Romance",1,rush,US,,,,0.0,71,"Sep 20, 2013","$38,000,000","$26,947,624","$98,230,839"
507,tt1979320,8.1,393437,Rush,Rush,2013,123.0,"Action,Biography,Drama",6,rush,US,,imdbDisplay,,0.0,71,"Sep 20, 2013","$38,000,000","$26,947,624","$98,230,839"
38,tt3490320,6.1,22,Rust,Rust,2015,75.0,"Horror,Thriller",1,rust,US,,,,0.0,93,"Oct 5, 2010","$250,000",$0,$0
37,tt7467324,6.6,377,Rust,Ferrugem,2018,100.0,Drama,2,rust,US,,festival,,0.0,93,"Oct 5, 2010","$250,000",$0,$0
908,tt1599348,6.8,192655,Safe House,Safe House,2012,115.0,"Action,Adventure,Crime",23,safehouse,US,,imdbDisplay,,0.0,99,"Feb 10, 2012","$85,000,000","$126,181,630","$208,542,162"
909,tt1823743,7.7,36,SafeHouse,SafeHouse,2011,77.0,"Comedy,Drama",1,safehouse,US,,,,0.0,99,"Feb 10, 2012","$85,000,000","$126,181,630","$208,542,162"
558,tt6476140,5.3,17904,Serenity,Serenity,2019,106.0,"Drama,Mystery,Sci-Fi",21,serenity,US,,imdbDisplay,,0.0,93,"Jan 25, 2019","$25,000,000","$8,547,045","$11,367,029"
557,tt6476140,5.3,17904,Serenity,Serenity,2019,106.0,"Drama,Mystery,Sci-Fi",21,serenity,US,,imdbDisplay,,0.0,50,"Sep 30, 2005","$39,000,000","$25,514,517","$40,319,440"
777,tt2053463,7.1,168466,Side Effects,Side Effects,2013,106.0,"Crime,Drama,Mystery",24,sideeffects,US,,working,,0.0,29,"Sep 9, 2005","$200,000","$44,701","$44,701"
776,tt2053463,7.1,168466,Side Effects,Side Effects,2013,106.0,"Crime,Drama,Mystery",24,sideeffects,US,,working,,0.0,32,"Feb 8, 2013","$30,000,000","$32,172,757","$66,742,138"
256,tt2612800,5.7,37,Sisters,Schwestern,2013,84.0,Drama,2,sisters,US,,imdbDisplay,,0.0,57,"Dec 18, 2015","$30,000,000","$87,044,645","$106,030,660"
255,tt1850457,6.0,58994,Sisters,Sisters,2015,118.0,Comedy,24,sisters,US,,working,,0.0,57,"Dec 18, 2015","$30,000,000","$87,044,645","$106,030,660"
1326,tt1564585,4.4,83710,Skyline,Skyline,2010,92.0,"Action,Sci-Fi,Thriller",16,skyline,US,,,,0.0,99,"Nov 12, 2010","$10,000,000","$21,416,355","$68,264,973"
1325,tt4085130,5.7,161,Sky Line,Sky Line,2015,74.0,"Biography,Documentary,Drama",1,skyline,US,,,,0.0,99,"Nov 12, 2010","$10,000,000","$21,416,355","$68,264,973"
315,tt1210047,5.9,56,Snatched!,Snatched!,2010,107.0,"Comedy,Crime,Mystery",1,snatched,US,,alternative,,0.0,51,"May 12, 2017","$42,000,000","$45,852,178","$57,852,177"
316,tt1245534,5.5,61,Snatched,Snatched,2011,81.0,Comedy,1,snatched,US,,,,0.0,51,"May 12, 2017","$42,000,000","$45,852,178","$57,852,177"
317,tt2334871,4.5,29997,Snatched,Snatched,2017,90.0,"Action,Adventure,Comedy",12,snatched,US,,,,0.0,51,"May 12, 2017","$42,000,000","$45,852,178","$57,852,177"
1395,tt0882977,6.5,78142,Snitch,Snitch,2013,112.0,"Action,Drama,Thriller",13,snitch,US,,,,0.0,26,"Feb 22, 2013","$15,000,000","$42,930,462","$57,907,734"
1396,tt0882977,6.5,78142,Snitch,Snitch,2013,112.0,"Action,Drama,Thriller",13,snitch,US,,,,0.0,52,"Dec 31, 2012","$850,000",$0,$0
872,tt4972582,7.3,358543,Split,Split,2016,117.0,"Horror,Thriller",20,split,US,,working,,0.0,50,"Jan 20, 2017","$5,000,000","$138,141,585","$278,964,806"
870,tt2660118,2.9,557,Split,Split,2016,90.0,"Comedy,Romance,Sport",1,split,US,,,,0.0,50,"Jan 20, 2017","$5,000,000","$138,141,585","$278,964,806"
871,tt3315656,3.6,380,Split,Split,2016,127.0,"Drama,Fantasy",2,split,US,,,,0.0,50,"Jan 20, 2017","$5,000,000","$138,141,585","$278,964,806"
1468,tt0372538,6.6,78,Spy,Spy,2011,110.0,"Action,Crime,Drama",1,spy,US,,working,,0.0,83,"Jun 5, 2015","$65,000,000","$110,825,712","$232,585,748"
1467,tt3079380,7.0,213908,Spy,Spy,2015,119.0,"Action,Comedy,Crime",6,spy,US,,imdbDisplay,,0.0,83,"Jun 5, 2015","$65,000,000","$110,825,712","$232,585,748"
1669,tt1423995,5.4,38667,Stone,Stone,2010,105.0,"Drama,Thriller",25,stone,US,,,,0.0,50,"Oct 8, 2010","$22,000,000","$1,810,078","$4,065,020"
1668,tt2156825,5.6,607,Stone,Kamen,2012,90.0,"Crime,Drama,Thriller",3,stone,US,,imdbDisplay,,0.0,50,"Oct 8, 2010","$22,000,000","$1,810,078","$4,065,020"
973,tt5738152,6.8,22,Stronger,Stronger,2017,125.0,Drama,3,stronger,US,,,,0.0,90,"Sep 22, 2017","$30,000,000","$4,211,129","$8,786,752"
974,tt3881784,7.0,33464,Stronger,Stronger,2017,119.0,"Biography,Drama",22,stronger,US,,,,0.0,90,"Sep 22, 2017","$30,000,000","$4,211,129","$8,786,752"
972,tt7130472,8.4,8,Stronger,Stronger,2016,47.0,"Action,Sport",1,stronger,US,,,,0.0,90,"Sep 22, 2017","$30,000,000","$4,211,129","$8,786,752"
441,tt5564792,6.6,28,Stuck,Stuck,2018,100.0,Comedy,1,stuck,US,,,,0.0,76,"May 30, 2008","$5,000,000","$67,505","$67,505"
440,tt2075318,5.6,983,#Stuck,#Stuck,2014,82.0,"Comedy,Drama,Romance",5,stuck,US,,,,0.0,76,"May 30, 2008","$5,000,000","$67,505","$67,505"
439,tt2369331,7.4,141,Stuck,Stuck,2013,90.0,Documentary,1,stuck,US,,,,0.0,76,"May 30, 2008","$5,000,000","$67,505","$67,505"
438,tt3776292,8.8,5,Stuck,Stuck,2015,85.0,"Comedy,Drama",1,stuck,US,,,,0.0,76,"May 30, 2008","$5,000,000","$67,505","$67,505"
437,tt3696610,6.2,200,Stuck,Stuck,2017,90.0,"Drama,Musical",1,stuck,US,,imdbDisplay,,0.0,76,"May 30, 2008","$5,000,000","$67,505","$67,505"
436,tt2232596,4.6,9,Stuck,Stuck,2012,,"Comedy,Drama",1,stuck,US,,,,0.0,76,"May 30, 2008","$5,000,000","$67,505","$67,505"
1359,tt3247714,5.6,28614,Survivor,Survivor,2015,96.0,"Action,Crime,Thriller",20,survivor,US,,,,0.0,11,"May 29, 2015","$20,000,000",$0,"$1,703,281"
1358,tt3297792,4.1,1750,Survivor,Survivor,2014,93.0,"Action,Adventure,Fantasy",4,survivor,US,,,,0.0,11,"May 29, 2015","$20,000,000",$0,"$1,703,281"
788,tt1967669,4.6,158,Tag,Tag,2015,91.0,Drama,2,tag,US,,,,0.0,50,"Jun 15, 2018","$28,000,000","$54,730,625","$77,026,186"
787,tt2854926,6.5,85186,Tag,Tag,2018,100.0,Comedy,10,tag,US,,working,,0.0,50,"Jun 15, 2018","$28,000,000","$54,730,625","$77,026,186"
1906,tt1291150,5.8,192220,Teenage Mutant Ninja Turtles,Teenage Mutant Ninja Turtles,2014,101.0,"Action,Adventure,Comedy",27,teenagemutantninjaturtles,US,,,,0.0,68,"Aug 8, 2014","$125,000,000","$191,204,754","$485,004,754"
1907,tt1291150,5.8,192220,Teenage Mutant Ninja Turtles,Teenage Mutant Ninja Turtles,2014,101.0,"Action,Adventure,Comedy",27,teenagemutantninjaturtles,US,,,,0.0,33,"Mar 30, 1990","$13,500,000","$135,265,915","$202,000,000"
954,tt6415838,4.7,191,Ten,Ten,2017,82.0,"Horror,Mystery,Thriller",1,ten,US,,alternative,,0.0,51,"Apr 21, 2015","$25,000",$0,$0
953,tt2496400,5.4,623,Ten,Ten,2014,83.0,"Adventure,Horror,Mystery",1,ten,US,,,,0.0,51,"Apr 21, 2015","$25,000",$0,$0
1280,tt2776878,6.5,10006,Thank You for Your Service,Thank You for Your Service,2017,109.0,"Biography,Drama,War",4,thankyouforyourservice,US,,imdbDisplay,,0.0,48,"Oct 27, 2017","$20,000,000","$9,479,390","$9,985,316"
1279,tt2352196,7.7,74,Thank You for Your Service,Thank You for Your Service,2015,88.0,"Documentary,Drama",2,thankyouforyourservice,US,,,,0.0,48,"Oct 27, 2017","$20,000,000","$9,479,390","$9,985,316"
1408,tt0848228,8.1,1183655,The Avengers,The Avengers,2012,143.0,"Action,Adventure,Sci-Fi",16,theavengers,US,,,fake working title,0.0,35,"Aug 14, 1998","$60,000,000","$23,385,416","$48,585,416"
1407,tt0848228,8.1,1183655,The Avengers,The Avengers,2012,143.0,"Action,Adventure,Sci-Fi",16,theavengers,US,,,fake working title,0.0,27,"May 4, 2012","$225,000,000","$623,279,547","$1,517,935,897"
1578,tt4196450,6.4,18442,The Birth of a Nation,The Birth of a Nation,2016,120.0,"Biography,Drama,History",12,thebirthofanation,US,,,,0.0,78,"Feb 8, 1915","$110,000","$10,000,000","$11,000,000"
1577,tt4196450,6.4,18442,The Birth of a Nation,The Birth of a Nation,2016,120.0,"Biography,Drama,History",12,thebirthofanation,US,,,,0.0,17,"Oct 7, 2016","$10,000,000","$15,861,566","$16,891,011"
852,tt1877707,2.8,346,The Black Hole,Mind's Eye,2016,111.0,"Sci-Fi,Thriller",2,theblackhole,US,,imdbDisplay,,0.0,50,"Dec 21, 1979","$20,000,000","$35,841,901","$35,841,901"
851,tt6971106,4.2,5,The Black Hole,The Black Hole,2017,,Comedy,1,theblackhole,US,,,,0.0,50,"Dec 21, 1979","$20,000,000","$35,841,901","$35,841,901"
1860,tt2262227,7.3,59486,The Book of Life,The Book of Life,2014,95.0,"Adventure,Animation,Comedy",18,thebookoflife,US,,,original script title,0.0,35,"Oct 17, 2014","$50,000,000","$50,151,543","$97,651,543"
1861,tt6716346,6.7,7,The Book of Life,The Book of Life,2017,120.0,Thriller,1,thebookoflife,US,,,,0.0,35,"Oct 17, 2014","$50,000,000","$50,151,543","$97,651,543"
619,tt2443822,5.4,4251,The Boy,The Boy,2015,105.0,"Drama,Horror,Thriller",3,theboy,US,en,working,,0.0,68,"Jan 22, 2016","$10,000,000","$35,819,556","$68,220,952"
618,tt3882082,6.0,68957,The Boy,The Boy,2016,97.0,"Horror,Mystery,Thriller",19,theboy,US,,working,,0.0,68,"Jan 22, 2016","$10,000,000","$35,819,556","$68,220,952"
653,tt1666335,5.8,7350,The Calling,The Calling,2014,108.0,"Drama,Thriller",10,thecalling,US,,,,0.0,43,"Dec 31, 2009","$2,500,000",$0,$0
654,tt1666335,5.8,7350,The Calling,The Calling,2014,108.0,"Drama,Thriller",10,thecalling,US,,,,0.0,55,"Mar 1, 2002","$160,000","$32,092","$32,092"
1888,tt1790886,6.1,118678,The Campaign,The Campaign,2012,85.0,Comedy,16,thecampaign,US,,working,,0.0,18,"Aug 10, 2012","$95,000,000","$86,907,746","$104,907,746"
1887,tt2411684,6.9,14,The Campaign,The Campaign,2013,60.0,Documentary,1,thecampaign,US,,,,0.0,18,"Aug 10, 2012","$95,000,000","$86,907,746","$104,907,746"
927,tt4287320,5.3,72536,The Circle,The Circle,2017,110.0,"Drama,Sci-Fi,Thriller",1,thecircle,US,,,fake working title,0.0,4,"Apr 28, 2017","$18,000,000","$20,497,844","$40,651,864"
928,tt3148952,7.3,1316,The Circle,Der Kreis,2014,102.0,"Biography,Drama,Romance",4,thecircle,US,,alternative,,0.0,4,"Apr 28, 2017","$18,000,000","$20,497,844","$40,651,864"
1185,tt4249090,6.4,8,The Darkest Hour,The Darkest Hour,2014,52.0,"Documentary,News",1,thedarkesthour,US,,,,0.0,58,"Dec 25, 2011","$34,800,000","$21,443,494","$62,831,715"
1184,tt1093357,4.9,55071,The Darkest Hour,The Darkest Hour,2011,89.0,"Action,Adventure,Horror",27,thedarkesthour,US,,,,0.0,58,"Dec 25, 2011","$34,800,000","$21,443,494","$62,831,715"
566,tt2698966,6.1,624,The Debt,Oliver's Deal,2015,99.0,"Drama,Mystery,Thriller",7,thedebt,US,en,imdbDisplay,,0.0,65,"Aug 31, 2011","$20,000,000","$31,177,548","$46,604,054"
565,tt1226753,6.9,61046,The Debt,The Debt,2010,113.0,"Drama,Thriller",13,thedebt,US,,imdbDisplay,,0.0,65,"Aug 31, 2011","$20,000,000","$31,177,548","$46,604,054"
989,tt2254110,6.7,163,The Divide,The Divide,2015,78.0,Documentary,1,thedivide,US,,alternative,,0.0,53,"Jan 13, 2012","$3,000,000","$18,000","$156,362"
990,tt4121152,7.9,7,The Divide,The Divide,2018,,Western,1,thedivide,US,,,,0.0,53,"Jan 13, 2012","$3,000,000","$18,000","$156,362"
249,tt4155318,7.5,15,The Family,The Family,2013,152.0,"Comedy,Crime,Drama",1,thefamily,US,,,,0.0,22,"Sep 13, 2013","$30,000,000","$36,918,811","$51,078,541"
248,tt6107516,6.6,325,The Family,La familia,2017,82.0,Drama,7,thefamily,US,,imdbDisplay,,0.0,22,"Sep 13, 2013","$30,000,000","$36,918,811","$51,078,541"
247,tt2404311,6.3,102576,The Family,The Family,2013,111.0,"Comedy,Crime,Thriller",15,thefamily,US,,imdbDisplay,,0.0,22,"Sep 13, 2013","$30,000,000","$36,918,811","$51,078,541"
246,tt1728973,5.0,833,The Family,The Family,2011,88.0,"Horror,Thriller",3,thefamily,US,,,new title,0.0,22,"Sep 13, 2013","$30,000,000","$36,918,811","$51,078,541"
1414,tt1488602,3.5,135,The Forest,The Forest,2011,98.0,"Horror,Thriller",2,theforest,US,,working,,0.0,92,"Jan 8, 2016","$10,000,000","$26,594,261","$40,749,230"
1415,tt3387542,4.8,36423,The Forest,The Forest,2016,93.0,"Horror,Mystery,Thriller",7,theforest,US,,,,0.0,92,"Jan 8, 2016","$10,000,000","$26,594,261","$40,749,230"
398,tt4276820,7.2,97841,The Founder,The Founder,2016,115.0,"Biography,Drama,History",3,thefounder,US,,,,0.0,90,"Jan 20, 2017","$15,000,000","$12,786,053","$24,403,192"
399,tt2262282,5.9,33,The Founder,Der GrÃ¼nder,2012,108.0,"Comedy,Sci-Fi",2,thefounder,US,,imdbDisplay,,0.0,90,"Jan 20, 2017","$15,000,000","$12,786,053","$24,403,192"
765,tt1828325,7.0,10,The Gambler,The Gambler,2015,105.0,Drama,1,thegambler,US,,,,0.0,25,"Dec 10, 2014","$25,000,000","$33,680,992","$38,718,031"
766,tt1828325,7.0,10,The Gambler,The Gambler,2015,105.0,Drama,1,thegambler,US,,,,0.0,50,"Aug 4, 1999","$3,000,000","$51,773","$101,773"
767,tt2039393,6.0,59995,The Gambler,The Gambler,2014,111.0,"Crime,Drama,Thriller",11,thegambler,US,,,,0.0,25,"Dec 10, 2014","$25,000,000","$33,680,992","$38,718,031"
768,tt2039393,6.0,59995,The Gambler,The Gambler,2014,111.0,"Crime,Drama,Thriller",11,thegambler,US,,,,0.0,50,"Aug 4, 1999","$3,000,000","$51,773","$101,773"
1136,tt4178092,7.1,123834,The Gift,The Gift,2015,108.0,"Drama,Mystery,Thriller",22,thegift,US,,working,,0.0,28,"Dec 19, 2000","$10,000,000","$12,008,642","$44,567,606"
1134,tt1494821,7.8,12,The Gift,The Gift,2010,,Drama,1,thegift,US,,,,0.0,28,"Dec 19, 2000","$10,000,000","$12,008,642","$44,567,606"
1135,tt1494821,7.8,12,The Gift,The Gift,2010,,Drama,1,thegift,US,,,,0.0,63,"Aug 7, 2015","$5,000,000","$43,787,265","$58,978,477"
1139,tt1644694,5.9,7,The Gift,The Gift,2010,,"Animation,Drama",1,thegift,US,,,,0.0,63,"Aug 7, 2015","$5,000,000","$43,787,265","$58,978,477"
1138,tt1644694,5.9,7,The Gift,The Gift,2010,,"Animation,Drama",1,thegift,US,,,,0.0,28,"Dec 19, 2000","$10,000,000","$12,008,642","$44,567,606"
1137,tt4178092,7.1,123834,The Gift,The Gift,2015,108.0,"Drama,Mystery,Thriller",22,thegift,US,,working,,0.0,63,"Aug 7, 2015","$5,000,000","$43,787,265","$58,978,477"
541,tt2387589,4.4,819,The Girl on the Train,The Girl on the Train,2013,80.0,Thriller,1,thegirlonthetrain,US,,,,0.0,68,"Oct 7, 2016","$45,000,000","$75,395,035","$174,278,214"
540,tt3631112,6.5,150977,The Girl on the Train,The Girl on the Train,2016,112.0,"Crime,Drama,Mystery",2,thegirlonthetrain,US,,imdbDisplay,,0.0,68,"Oct 7, 2016","$45,000,000","$75,395,035","$174,278,214"
325,tt1343092,7.3,433165,The Great Gatsby,The Great Gatsby,2013,143.0,"Drama,Romance",13,thegreatgatsby,US,,imdbDisplay,,0.0,100,"Mar 29, 1974","$7,000,000","$26,533,200","$26,533,200"
324,tt1343092,7.3,433165,The Great Gatsby,The Great Gatsby,2013,143.0,"Drama,Romance",13,thegreatgatsby,US,,imdbDisplay,,0.0,70,"May 10, 2013","$190,000,000","$144,840,419","$351,040,419"
2,tt3096900,6.5,13,The Hammer,The Hammer,2015,75.0,"Action,Adventure,Documentary",1,thehammer,US,,,,0.0,50,"Mar 21, 2008","$850,000","$442,638","$442,638"
1,tt1094666,7.0,1613,The Hammer,Hamill,2010,108.0,"Biography,Drama,Sport",4,thehammer,US,,festival,,0.0,50,"Mar 21, 2008","$850,000","$442,638","$442,638"
1309,tt3149900,4.7,1058,The Hunted,The Hunted,2013,89.0,"Horror,Mystery,Thriller",5,thehunted,US,,,,0.0,28,"Mar 14, 2003","$55,000,000","$34,234,008","$47,213,095"
1308,tt2322932,6.5,53,The Hunted,The Hunted,2015,90.0,"Action,Comedy,Horror",1,thehunted,US,,,,0.0,28,"Mar 14, 2003","$55,000,000","$34,234,008","$47,213,095"
467,tt6246092,7.3,84,The Judge,The Judge,2017,76.0,Documentary,1,thejudge,US,,,,0.0,41,"Oct 10, 2014","$50,000,000","$47,119,388","$76,119,388"
468,tt1872194,7.4,162952,The Judge,The Judge,2014,141.0,"Crime,Drama",32,thejudge,US,,,,0.0,41,"Oct 10, 2014","$50,000,000","$47,119,388","$76,119,388"
1798,tt3040964,7.4,240821,The Jungle Book,The Jungle Book,2016,106.0,"Adventure,Drama,Family",1,thejunglebook,US,,imdbDisplay,,0.0,96,"Dec 25, 1994","$27,000,000","$44,342,956","$44,342,956"
1797,tt3040964,7.4,240821,The Jungle Book,The Jungle Book,2016,106.0,"Adventure,Drama,Family",1,thejunglebook,US,,imdbDisplay,,0.0,97,"Apr 15, 2016","$175,000,000","$364,001,123","$962,854,547"
80,tt1155076,6.2,146401,The Karate Kid,The Karate Kid,2010,140.0,"Action,Drama,Family",14,thekaratekid,US,,working,,0.0,77,"Jun 11, 2010","$40,000,000","$176,591,618","$351,774,938"
81,tt1155076,6.2,146401,The Karate Kid,The Karate Kid,2010,140.0,"Action,Drama,Family",14,thekaratekid,US,,working,,0.0,63,"Jun 22, 1984","$8,000,000","$90,815,558","$90,815,558"
1627,tt3439758,6.4,16,The Kid,The Kid,2015,49.0,"Comedy,Drama,Family",1,thekid,US,,,,0.0,94,"Jul 7, 2000","$65,000,000","$69,688,384","$69,688,384"
1626,tt4975920,6.0,1573,The Kid,The Kid,2019,100.0,"Biography,Drama,Western",6,thekid,US,,imdbDisplay,,0.0,94,"Jul 7, 2000","$65,000,000","$69,688,384","$69,688,384"
1449,tt2345759,5.5,154345,The Mummy,The Mummy,2017,110.0,"Action,Adventure,Fantasy",19,themummy,US,,working,,0.0,65,"Jun 9, 2017","$195,000,000","$80,101,125","$409,953,905"
1450,tt2345759,5.5,154345,The Mummy,The Mummy,2017,110.0,"Action,Adventure,Fantasy",19,themummy,US,,working,,0.0,44,"May 7, 1999","$80,000,000","$155,385,488","$416,385,488"
512,tt2076954,5.8,65,The Muse,The Muse,2014,90.0,"Horror,Music,Thriller",1,themuse,US,,,,0.0,94,"Aug 27, 1999","$15,000,000","$11,614,954","$11,614,954"
513,tt2042684,6.1,16,The Muse,The Muse,2011,58.0,"Horror,Mystery,Thriller",1,themuse,US,,,,0.0,94,"Aug 27, 1999","$15,000,000","$11,614,954","$11,614,954"
698,tt6006924,4.7,150,The Night Before,The Night Before,2017,81.0,Horror,1,thenightbefore,US,,,,0.0,6,"Nov 20, 2015","$25,000,000","$43,035,725","$52,427,346"
697,tt3530002,6.4,58455,The Night Before,The Night Before,2015,101.0,"Adventure,Comedy,Fantasy",22,thenightbefore,US,,imdbDisplay,,0.0,6,"Nov 20, 2015","$25,000,000","$43,035,725","$52,427,346"
1074,tt0326592,7.5,24,The Overnight,The Overnight,2010,88.0,,1,theovernight,US,,working,,0.0,21,"Jun 19, 2015","$200,000","$1,109,808","$1,165,996"
1073,tt3844362,6.1,14828,The Overnight,The Overnight,2015,79.0,"Comedy,Mystery",6,theovernight,US,,,,0.0,21,"Jun 19, 2015","$200,000","$1,109,808","$1,165,996"
306,tt6026954,7.2,5,The Perfect Host,The Perfect Host,2016,,Fantasy,1,theperfecthost,US,,,,0.0,84,"Jul 1, 2011","$1,000,000","$48,764","$51,587"
307,tt1334553,6.8,23378,The Perfect Host,The Perfect Host,2010,93.0,"Comedy,Crime,Thriller",4,theperfecthost,US,,,,0.0,84,"Jul 1, 2011","$1,000,000","$48,764","$51,587"
1403,tt4192918,8.8,53,The Promise,The Promise,2017,,Comedy,1,thepromise,US,,,,0.0,78,"Apr 21, 2017","$90,000,000","$8,224,288","$10,551,417"
1402,tt4776998,6.1,164555,The Promise,The Promise,2016,133.0,"Drama,History",7,thepromise,US,,imdbDisplay,,0.0,78,"Apr 21, 2017","$90,000,000","$8,224,288","$10,551,417"
170,tt4523246,5.4,27,The Return,The Return,2015,55.0,"Horror,Mystery,Thriller",1,thereturn,US,,,,0.0,43,"Feb 6, 2004","$15,000,000","$501,752","$5,953,886"
169,tt5591342,6.6,42,The Return,The Return,2016,84.0,Documentary,1,thereturn,US,,,,0.0,43,"Feb 6, 2004","$15,000,000","$501,752","$5,953,886"
168,tt4665626,8.2,32,The Return,The Return,2015,100.0,Adventure,1,thereturn,US,,,,0.0,43,"Feb 6, 2004","$15,000,000","$501,752","$5,953,886"
166,tt2578550,6.0,6,The Return,El Regreso,2012,69.0,Drama,2,thereturn,US,,imdbDisplay,,0.0,43,"Feb 6, 2004","$15,000,000","$501,752","$5,953,886"
167,tt1848871,7.2,233,The Return,El regreso,2012,102.0,Drama,1,thereturn,US,,,,0.0,43,"Feb 6, 2004","$15,000,000","$501,752","$5,953,886"
171,tt6673098,6.9,134,The Return,The Return,2017,78.0,"Action,Documentary",1,thereturn,US,,,,0.0,43,"Feb 6, 2004","$15,000,000","$501,752","$5,953,886"
28,tt3300078,6.0,20,The Revenant,The Revenant,2012,80.0,Horror,1,therevenant,US,,,,0.0,27,"Dec 25, 2015","$135,000,000","$183,637,894","$532,938,302"
27,tt1663202,8.0,621193,The Revenant,The Revenant,2015,156.0,"Action,Adventure,Biography",5,therevenant,US,,imdbDisplay,,0.0,27,"Dec 25, 2015","$135,000,000","$183,637,894","$532,938,302"
1165,tt2910814,6.1,58407,The Signal,The Signal,2014,97.0,"Drama,Mystery,Sci-Fi",5,thesignal,US,,,,0.0,26,"Jun 13, 2014","$4,000,000","$600,896","$2,665,322"
1166,tt2910814,6.1,58407,The Signal,The Signal,2014,97.0,"Drama,Mystery,Sci-Fi",5,thesignal,US,,,,0.0,19,"Feb 22, 2008","$50,000","$251,150","$406,299"
931,tt4697228,4.0,250,The Sitter,Charlotte Wakes,2017,97.0,Horror,4,thesitter,US,,,new title,0.0,32,"Dec 9, 2011","$25,000,000","$30,542,576","$38,749,404"
932,tt1366344,5.7,65575,The Sitter,The Sitter,2011,81.0,Comedy,15,thesitter,US,,,,0.0,32,"Dec 9, 2011","$25,000,000","$30,542,576","$38,749,404"
753,tt3343868,3.5,1236,The Veil,The Veil,2017,93.0,"Action,Adventure,Sci-Fi",8,theveil,US,,,,0.0,64,"Dec 31, 2015","$4,000,000",$0,$0
752,tt3533916,4.8,6895,The Veil,The Veil,2016,93.0,Horror,8,theveil,US,,,,0.0,64,"Dec 31, 2015","$4,000,000",$0,$0
664,tt4218696,6.2,20391,The Wall,The Wall,2017,88.0,"Action,Drama,Thriller",4,thewall,US,,,,0.0,29,"May 12, 2017","$3,000,000","$1,803,064","$4,495,262"
665,tt1455256,9.2,8,The Wall,The Wall,2010,78.0,Documentary,1,thewall,US,,,,0.0,29,"May 12, 2017","$3,000,000","$1,803,064","$4,495,262"
1219,tt5497458,5.4,2720,The Watcher,The Watcher,2016,89.0,"Horror,Thriller",2,thewatcher,US,,,,0.0,77,"Sep 8, 2000","$33,000,000","$28,946,615","$47,267,829"
1218,tt3261880,7.8,8,The Watcher,The Watcher,2014,45.0,Drama,1,thewatcher,US,,,,0.0,77,"Sep 8, 2000","$33,000,000","$28,946,615","$47,267,829"
235,tt1386703,6.3,228460,Total Recall,Total Recall,2012,118.0,"Action,Adventure,Mystery",3,totalrecall,US,,,,0.0,79,"Aug 3, 2012","$125,000,000","$58,877,969","$211,856,088"
236,tt1386703,6.3,228460,Total Recall,Total Recall,2012,118.0,"Action,Adventure,Mystery",3,totalrecall,US,,,,0.0,80,"Jun 1, 1990","$65,000,000","$119,394,839","$261,400,000"
278,tt1111235,4.6,77,Trance,Trance,2010,83.0,Horror,1,trance,US,,,,0.0,71,"Apr 5, 2013","$16,000,000","$2,322,593","$22,594,052"
279,tt1111235,4.6,77,Trance,Trance,2010,83.0,Horror,1,trance,US,,,,0.0,31,"Dec 31, 2012","$950,000",$0,$0
549,tt5259692,7.0,243,Trapped,Trapped,2016,90.0,Documentary,1,trapped,US,,,,0.0,87,"Sep 20, 2002","$30,000,000","$6,916,869","$6,916,869"
550,tt2279346,3.5,68,Trapped,Trapped,2014,75.0,Horror,3,trapped,US,,,,0.0,87,"Sep 20, 2002","$30,000,000","$6,916,869","$6,916,869"
551,tt3611318,8.4,21,Trapped,Trapped,2015,56.0,"Drama,Mystery,Thriller",1,trapped,US,,,,0.0,87,"Sep 20, 2002","$30,000,000","$6,916,869","$6,916,869"
209,tt2125681,6.0,14,Truth or Dare,Truth or Dare,2013,85.0,"Horror,Romance,Thriller",1,truthordare,US,,alternative,,0.0,91,"Apr 13, 2018","$3,500,000","$41,411,015","$95,127,344"
208,tt2762738,4.8,554,Truth or Dare,Truth or Dare,2013,84.0,"Horror,Thriller",1,truthordare,US,,,,0.0,91,"Apr 13, 2018","$3,500,000","$41,411,015","$95,127,344"
207,tt6772950,5.2,33621,Truth or Dare,Truth or Dare,2018,100.0,"Horror,Thriller",18,truthordare,US,,,,0.0,91,"Apr 13, 2018","$3,500,000","$41,411,015","$95,127,344"
147,tt1634003,6.5,8197,Underdogs,Metegol,2013,106.0,"Adventure,Animation,Family",15,underdogs,US,,imdbDisplay,,0.0,41,"Aug 16, 2013","$2,500,000","$35,017","$1,392,649"
146,tt2123342,5.8,882,Underdogs,Underdogs,2013,102.0,"Drama,Family,Sport",1,underdogs,US,,,,0.0,41,"Aug 16, 2013","$2,500,000","$35,017","$1,392,649"
526,tt2358925,5.4,29004,Unfinished Business,Unfinished Business,2015,91.0,"Comedy,Drama",19,unfinishedbusiness,US,,working,,0.0,32,"Mar 6, 2015","$35,000,000","$10,219,501","$13,214,051"
527,tt4998626,7.2,8,Unfinished Business,Unfinished Business,2016,,Horror,1,unfinishedbusiness,US,,,,0.0,32,"Mar 6, 2015","$35,000,000","$10,219,501","$13,214,051"
603,tt1247436,5.9,7,Unforgettable,Unforgettable,2010,88.0,Documentary,1,unforgettable,US,,,,0.0,4,"Apr 21, 2017","$12,000,000","$11,368,012","$16,221,211"
602,tt1247436,5.9,7,Unforgettable,Unforgettable,2010,88.0,Documentary,1,unforgettable,US,,,,0.0,39,"Feb 23, 1996","$18,000,000","$2,483,790","$2,483,790"
605,tt3462710,5.1,11489,Unforgettable,Unforgettable,2017,100.0,"Drama,Thriller",14,unforgettable,US,,,,0.0,4,"Apr 21, 2017","$12,000,000","$11,368,012","$16,221,211"
604,tt3462710,5.1,11489,Unforgettable,Unforgettable,2017,100.0,"Drama,Thriller",14,unforgettable,US,,,,0.0,39,"Feb 23, 1996","$18,000,000","$2,483,790","$2,483,790"
328,tt1401152,6.9,235167,Unknown,Unknown,2011,113.0,"Action,Mystery,Thriller",12,unknown,US,,imdbDisplay,,0.0,84,"Nov 3, 2006","$3,700,000","$26,403","$3,355,048"
327,tt1401152,6.9,235167,Unknown,Unknown,2011,113.0,"Action,Mystery,Thriller",12,unknown,US,,imdbDisplay,,0.0,21,"Feb 18, 2011","$40,000,000","$63,686,397","$136,123,083"
329,tt2402731,6.9,14,Unknown,Unknown,2012,96.0,Drama,1,unknown,US,,,,0.0,21,"Feb 18, 2011","$40,000,000","$63,686,397","$136,123,083"
330,tt2402731,6.9,14,Unknown,Unknown,2012,96.0,Drama,1,unknown,US,,,,0.0,84,"Nov 3, 2006","$3,700,000","$26,403","$3,355,048"
409,tt3070502,4.3,551,Unstoppable,Unstoppable,2013,65.0,Documentary,2,unstoppable,US,,,DVD box title,0.0,19,"Nov 12, 2010","$95,000,000","$81,562,942","$165,720,921"
408,tt0477080,6.8,173019,Unstoppable,Unstoppable,2010,98.0,"Action,Thriller",22,unstoppable,US,,working,,0.0,19,"Nov 12, 2010","$95,000,000","$81,562,942","$165,720,921"
1689,tt6739824,8.8,69,Upgrade,Upgrade,2016,,Drama,1,upgrade,US,,,,0.0,89,"Jun 1, 2018","$3,000,000","$11,977,130","$16,553,285"
1690,tt6499752,7.6,104978,Upgrade,Upgrade,2018,100.0,"Action,Sci-Fi,Thriller",17,upgrade,US,,working,,0.0,89,"Jun 1, 2018","$3,000,000","$11,977,130","$16,553,285"
24,tt1524930,6.1,87582,Vacation,Vacation,2015,99.0,"Adventure,Comedy",7,vacation,US,,imdbDisplay,,0.0,28,"Jul 29, 2015","$31,000,000","$58,884,188","$102,306,500"
23,tt1615902,5.4,116,Vacation!,Vacation!,2010,90.0,"Comedy,Crime",2,vacation,US,,,,0.0,28,"Jul 29, 2015","$31,000,000","$58,884,188","$102,306,500"
913,tt1719676,4.5,13,Vamps,Vamps,2010,89.0,"Comedy,Horror,Thriller",1,vamps,US,,,,0.0,79,"Nov 2, 2012","$16,000,000","$3,361","$94,812"
914,tt1545106,5.2,8838,Vamps,Vamps,2012,92.0,"Comedy,Horror,Romance",6,vamps,US,,,,0.0,79,"Nov 2, 2012","$16,000,000","$3,361","$94,812"
113,tt1931601,3.0,162,Venom,Venom,2011,92.0,Thriller,1,venom,US,,,,0.0,14,"Sep 16, 2005","$25,000,000","$881,745","$881,745"
110,tt1270797,6.7,275406,Venom,Venom,2018,112.0,"Action,Sci-Fi,Thriller",9,venom,US,,,fake working title,0.0,3,"Oct 5, 2018","$116,000,000","$213,511,408","$853,628,605"
111,tt1270797,6.7,275406,Venom,Venom,2018,112.0,"Action,Sci-Fi,Thriller",9,venom,US,,,fake working title,0.0,14,"Sep 16, 2005","$25,000,000","$881,745","$881,745"
112,tt1931601,3.0,162,Venom,Venom,2011,92.0,Thriller,1,venom,US,,,,0.0,3,"Oct 5, 2018","$116,000,000","$213,511,408","$853,628,605"
967,tt3480796,4.2,14436,Vice,Vice,2015,96.0,"Action,Adventure,Sci-Fi",7,vice,US,,,,0.0,100,"Dec 25, 2018","$60,000,000","$47,836,282","$70,883,171"
968,tt6266538,7.2,72855,Vice,Vice,2018,132.0,"Biography,Comedy,Drama",6,vice,US,,imdbDisplay,,0.0,100,"Dec 25, 2018","$60,000,000","$47,836,282","$70,883,171"
1685,tt3313072,8.6,143,War Horse,National Theatre Live: War Horse,2014,,Drama,1,warhorse,US,,imdbDisplay,,0.0,12,"Dec 25, 2011","$70,000,000","$79,883,359","$156,815,529"
1686,tt1568911,7.2,136447,War Horse,War Horse,2011,146.0,"Drama,History,War",31,warhorse,US,,,,0.0,12,"Dec 25, 2011","$70,000,000","$79,883,359","$156,815,529"
1570,tt2543472,8.0,111632,Wonder,Wonder,2017,113.0,"Drama,Family",2,wonder,US,,imdbDisplay,,0.0,95,"Nov 17, 2017","$20,000,000","$132,422,809","$304,604,712"
1569,tt1590245,4.9,12,Wonder...,Wonder...,2010,74.0,"Comedy,Drama,Horror",1,wonder,US,,,,0.0,95,"Nov 17, 2017","$20,000,000","$132,422,809","$304,604,712"
362,tt4028068,4.2,20,Wonder Woman,Wonder Woman,2014,60.0,Sci-Fi,1,wonderwoman,US,,,,0.0,55,"Jun 2, 2017","$150,000,000","$412,563,408","$821,133,378"
361,tt0451279,7.5,487527,Wonder Woman,Wonder Woman,2017,141.0,"Action,Adventure,Fantasy",25,wonderwoman,US,en,,,0.0,55,"Jun 2, 2017","$150,000,000","$412,563,408","$821,133,378"
755,tt3779570,7.9,77,Won't Back Down,Won't Back Down,2014,114.0,Sport,1,wontbackdown,US,,,,0.0,49,"Sep 28, 2012","$19,000,000","$5,310,554","$5,745,503"
756,tt1870529,6.4,5915,Won't Back Down,Won't Back Down,2012,121.0,Drama,18,wontbackdown,US,,working,,0.0,49,"Sep 28, 2012","$19,000,000","$5,310,554","$5,745,503"
